k,inercia,silhouette
2,625.8813876492061,0.29598746657817554
3,547.6892266981322,0.15330726804198516
4,479.80555090874645,0.1662714116747837
5,443.8157052131832,0.16568586692540274
